disease_id	name
DIS011343	Abducens Nerve Diseases
DIS003347	Abetalipoproteinemia
DIS015797	Abortion, Threatened
DIS008708	acalculous cholecystitis
DIS006818	Acanthoma
DIS003340	Acanthosis nigricans
DIS006447	Acatalasia
DIS015384	Accessory Nerve Diseases
DIS005868	Achondroplasia
DIS015426	Acidosis, Lactic
DIS011578	Acidosis, Renal Tubular
DIS011543	Acquired Hyperostosis Syndrome
DIS009620	acquired immunodeficiency syndrome
DIS011764	Acro-Osteolysis
DIS007984	Acrocallosal syndrome
DIS005476	Acrocephalosyndactylia
DIS004946	Acrodermatitis
DIS005984	Acromegaly
DIS011973	Acrospiroma
DIS009634	ACTH-secreting pituitary adenoma
DIS003875	Actinobacillosis
DIS007191	Actinomycosis
DIS008639	acute chest syndrome
DIS007319	Adamantinoma
DIS011546	Addison Disease
DIS003322	Adenocarcinoma
DIS008873	adenocarcinoma in situ
DIS015563	Adenocarcinoma, Bronchiolo-Alveolar
DIS015459	Adenocarcinoma, Follicular
DIS011797	Adenocarcinoma, Mucinous
DIS011808	Adenocarcinoma, Papillary
DIS015464	Adenocarcinoma, Scirrhous
DIS015557	Adenocarcinoma, Sebaceous
DIS008698	adenofibroma
DIS003333	Adenoma
DIS015595	Adenoma, Acidophil
DIS015524	Adenoma, Basophil
DIS015593	Adenoma, Bile Duct
DIS015447	Adenoma, Chromophobe
DIS011655	Adenoma, Islet Cell
DIS015594	Adenoma, Oxyphilic
DIS015520	Adenoma, Pleomorphic
DIS015453	Adenoma, Sweat Gland
DIS006949	Adenomatoid tumor
DIS011215	Adenomatous Polyposis Coli
DIS006907	Adenomyoma
DIS007339	Adenomyosis
DIS008662	adenosarcoma
DIS011549	Adenovirus Infections, Human
DIS006705	Adie syndrome
DIS004269	Adiposis dolorosa
DIS009766	Adjustment disorders
DIS015457	Adrenal Cortex Diseases
DIS015646	Adrenal Cortex Neoplasms
DIS015786	Adrenal Gland Diseases
DIS015458	Adrenal Gland Neoplasms
DIS008648	adrenal rest tumor
DIS005026	Adrenocortical carcinoma
DIS001170	Adrenocortical hyperfunction
DIS006786	Adrenoleukodystrophy
DIS008951	afferent loop syndrome
DIS011706	Afibrinogenemia
DIS009404	agammaglobulinemia
DIS009314	aggressive periodontitis
DIS004136	Agnosia
DIS004884	Agoraphobia
DIS005562	Agranulocytosis
DIS013486	Agraphia
DIS004413	Aicardi syndrome
DIS005872	Ainhum
DIS008829	akinetic mutism
DIS005043	Alagille syndrome
DIS009285	alcoholic neuropathy
DIS005722	Alcoholism
DIS008712	aleutian mink disease
DIS007994	Alexander disease
DIS004474	Alkaptonuria
DIS009735	alopecia
DIS006061	Alopecia areata
DIS003200	Alpha 1-antitrypsin deficiency
DIS007697	Alpha-mannosidosis
DIS007644	Alpha-thalassemia
DIS009044	Alstrom syndrome
DIS015690	Alveolitis, Extrinsic Allergic
DIS011327	Alzheimer Disease
DIS006661	Amblyopia
DIS009695	amebiasis
DIS008437	Amelogenesis imperfecta
DIS015757	Amino Acid Metabolism, Inborn Errors
DIS005472	Amnesia
DIS015590	Amnesia, Anterograde
DIS015525	Amnesia, Retrograde
DIS011500	Amnesia, Transient Global
DIS004608	Amyloidosis
DIS005646	Amyotrophic lateral sclerosis
DIS015527	Anal Gland Neoplasms
DIS006148	Ancylostomiasis
DIS011219	Andersen Syndrome
DIS015542	Androgen-Insensitivity Syndrome
DIS006139	Anemia
DIS011462	Anemia, Aplastic
DIS011527	Anemia, Diamond-Blackfan
DIS011524	Anemia, Dyserythropoietic, Congenital
DIS015620	Anemia, Hemolytic
DIS015668	Anemia, Hemolytic, Autoimmune
DIS015625	Anemia, Hemolytic, Congenital
DIS011778	Anemia, Hemolytic, Congenital Nonspherocytic
DIS011417	Anemia, Hypochromic
DIS011530	Anemia, Hypoplastic, Congenital
DIS011721	Anemia, Macrocytic
DIS011526	Anemia, Megaloblastic
DIS011720	Anemia, Myelophthisic
DIS011376	Anemia, Neonatal
DIS011525	Anemia, Pernicious
DIS011348	Anemia, Sickle Cell
DIS015736	Anemia, Sideroblastic
DIS005298	Aneurysm
DIS005392	Angelman syndrome
DIS015726	Angina, Unstable
DIS002609	Angiodysplasia
DIS003730	Angioedema
DIS011608	Angioedemas, Hereditary
DIS008579	angioid streaks
DIS004643	Angiokeratoma
DIS006432	Angiolipoma
DIS004303	Angiolymphoid hyperplasia with eosinophilia
DIS011271	Angiomatosis, Bacillary
DIS003184	Angiomyolipoma
DIS008828	angiomyoma
DIS007473	Aniridia
DIS008938	anisakiasis
DIS007776	Anisometropia
DIS007309	Ankylosis
DIS007491	Anodontia
DIS015523	Anomia
DIS005619	Anorexia nervosa
DIS004844	Anovulation
DIS004483	Anterior compartment syndrome
DIS004243	Anterior spinal artery syndrome
DIS015621	Anterior Wall Myocardial Infarction
DIS009088	anthracosilicosis
DIS009089	anthracosis
DIS007089	Anthrax
DIS015809	Anti-Glomerular Basement Membrane Disease
DIS007439	Antiphospholipid syndrome
DIS005723	Antisocial personality disorder
DIS007307	Antithrombin III deficiency
DIS011228	Antley-Bixler Syndrome Phenotype
DIS008718	anuria
DIS015343	Anus Diseases
DIS015528	Anus Neoplasms
DIS011315	Anus, Imperforate
DIS009808	Anxiety disorders
DIS004674	Aortic aneurysm
DIS015678	Aortic Aneurysm, Abdominal
DIS011566	Aortic Aneurysm, Thoracic
DIS011736	Aortic Arch Syndromes
DIS015582	Aortic Diseases
DIS015619	Aortic Stenosis, Subvalvular
DIS011674	Aortic Stenosis, Supravalvular
DIS009609	aortic valve insufficiency
DIS008894	aortic valve prolapse
DIS009332	aortic valve stenosis
DIS006931	Aortitis
DIS011375	Appendiceal Neoplasms
DIS005081	Appendicitis
DIS015539	Apraxia, Ideomotor
DIS007532	Arachnoiditis
DIS015773	Arbovirus Infections
DIS004401	Arcus senilis
DIS004220	Argininosuccinic aciduria
DIS003282	Arrhythmogenic right ventricular dysplasia
DIS015387	Arterial Occlusive Diseases
DIS007163	Arteriolosclerosis
DIS007217	Arteriosclerosis
DIS001379	Arteriosclerosis obliterans
DIS003479	Arthritis
DIS015689	Arthritis, Infectious
DIS015653	Arthritis, Juvenile
DIS015739	Arthritis, Psoriatic
DIS015629	Arthritis, Reactive
DIS015665	Arthritis, Rheumatoid
DIS011585	Arthropathy, Neurogenic
DIS003727	Arthus reaction
DIS015481	Articulation Disorders
DIS003836	Asbestosis
DIS007239	Ascariasis
DIS009457	ascaridiasis
DIS000955	Aspartylglucosaminuria
DIS006463	Asperger syndrome
DIS007162	Aspergillosis
DIS011508	Aspergillosis, Allergic Bronchopulmonary
DIS009128	asphyxia neonatorum
DIS009079	asthenopia
DIS009429	asthma
DIS005836	Astigmatism
DIS005315	Astrocytoma
DIS009214	ataxia telangiectasia
DIS003716	Atherosclerosis
DIS005355	Atrial fibrillation
DIS005865	Atrioventricular block
DIS011351	Attention Deficit Disorder with Hyperactivity
DIS009226	autistic disorder
DIS015509	Autoimmune Diseases of the Nervous System
DIS003685	Autoimmune lymphoproliferative syndrome
DIS008619	azoospermia
DIS005334	Babesiosis
DIS011312	Bacterial Infections
DIS002068	Bacteriuria
DIS001951	Balanitis
DIS015720	Balanitis Xerotica Obliterans
DIS005916	Balantidiasis
DIS009451	Balkan nephropathy
DIS009357	Bardet-Biedl syndrome
DIS015752	Barrett Esophagus
DIS004274	Barth syndrome
DIS011365	Bartonella Infections
DIS004550	Bartter syndrome
DIS011737	Basal Cell Nevus Syndrome
DIS008487	basal ganglia cerebrovascular disease
DIS015655	Basal Ganglia Diseases
DIS009604	Beckwith-Wiedemann syndrome
DIS011514	Behcet Syndrome
DIS011467	Bell Palsy
DIS007074	Benign paroxysmal positional vertigo
DIS009264	beriberi
DIS009371	Bernard-Soulier syndrome
DIS004966	Berylliosis
DIS002722	Beta-mannosidosis
DIS011446	beta-Thalassemia
DIS015477	Bile Duct Diseases
DIS015533	Bile Duct Neoplasms
DIS008532	bile reflux
DIS006865	Biliary atresia
DIS004017	Biliary dyskinesia
DIS015802	Biliary Tract Diseases
DIS015534	Biliary Tract Neoplasms
DIS008032	Biotinidase deficiency
DIS004029	Bipolar disorder
DIS006853	Bird fancier's lung
DIS006292	Blackwater fever
DIS011276	Bland White Garland Syndrome
DIS005138	Blastomycosis
DIS005845	Blepharitis
DIS006765	Blepharophimosis
DIS011261	Blepharoptosis
DIS007395	Blepharospasm
DIS003538	Blind loop syndrome
DIS011422	Blindness, Cortical
DIS011465	Blood Coagulation Disorders
DIS011700	Blood Coagulation Disorders, Inherited
DIS008814	blood group incompatibility
DIS011701	Blood Platelet Disorders
DIS015630	Blood Protein Disorders
DIS007765	Bloom syndrome
DIS008616	blue toe syndrome
DIS011282	Bone Diseases
DIS015565	Bone Marrow Diseases
DIS011661	Bone Neoplasms
DIS003319	Bone resorption
DIS006975	Borderline personality disorder
DIS011368	Bordetella Infections
DIS008888	borna disease
DIS004039	Botulism
DIS005108	Boutonneuse fever
DIS011309	Brachial Plexus Neuritis
DIS015435	Brachial Plexus Neuropathies
DIS015775	Brain Diseases
DIS009571	brain edema
DIS009494	brain infarction
DIS003881	Brain ischemia
DIS011510	Brain Neoplasms
DIS015402	Brain Stem Infarctions
DIS015485	Brain Stem Neoplasms
DIS007778	Branchio-oto-renal syndrome
DIS004169	Breast cyst
DIS015395	Breast Diseases
DIS011630	Breast Neoplasms
DIS011631	Breast Neoplasms, Male
DIS011755	Brenner Tumor
DIS011418	Bronchial Diseases
DIS015455	Bronchial Neoplasms
DIS003484	Bronchiectasis
DIS007975	Bronchiolitis
DIS006417	Bronchiolitis obliterans
DIS004597	Bronchitis
DIS008536	bronchopneumonia
DIS009615	Brown-Sequard syndrome
DIS005433	Brucellosis
DIS011597	Brucellosis, Bovine
DIS006324	Brugada syndrome
DIS007854	Bruxism
DIS009153	Budd-Chiari syndrome
DIS015657	Bulbar Palsy, Progressive
DIS011252	Bulbo-Spinal Atrophy, X-Linked
DIS009666	Burkitt lymphoma
DIS004840	Burning mouth syndrome
DIS007012	Bursitis
DIS003286	Buruli ulcer
DIS007510	Byssinosis
DIS006247	CADASIL
DIS007894	Calcinosis
DIS006505	Calciphylaxis
DIS011318	Calcium Metabolism Disorders
DIS006052	Campomelic dysplasia
DIS011541	Campylobacter Infections
DIS015570	Camurati-Engelmann Syndrome
DIS003473	Canavan disease
DIS005684	Candidiasis
DIS011690	Candidiasis, Chronic Mucocutaneous
DIS011285	Candidiasis, Cutaneous
DIS011581	Candidiasis, Oral
DIS011710	Candidiasis, Vulvovaginal
DIS009628	Capgras syndrome
DIS006966	Capillary leak syndrome
DIS011306	Caplan Syndrome
DIS015767	Carbamoyl-Phosphate Synthase I Deficiency Disease
DIS011789	Carbohydrate Metabolism, Inborn Errors
DIS005908	Carcinoma
DIS008380	Carcinoma in situ
DIS011796	Carcinoma, Acinar Cell
DIS015560	Carcinoma, Adenoid Cystic
DIS015555	Carcinoma, Adenosquamous
DIS011738	Carcinoma, Basal Cell
DIS015575	Carcinoma, Basosquamous
DIS015454	Carcinoma, Bronchogenic
DIS011793	Carcinoma, Ductal
DIS011794	Carcinoma, Ductal, Breast
DIS015574	Carcinoma, Ehrlich Tumor
DIS015369	Carcinoma, Embryonal
DIS015609	Carcinoma, Giant Cell
DIS011654	Carcinoma, Islet Cell
DIS015529	Carcinoma, Large Cell
DIS015394	Carcinoma, Lobular
DIS015521	Carcinoma, Mucoepidermoid
DIS011657	Carcinoma, Neuroendocrine
DIS015456	Carcinoma, Non-Small-Cell Lung
DIS015413	Carcinoma, Pancreatic Ductal
DIS011809	Carcinoma, Papillary
DIS015460	Carcinoma, Papillary, Follicular
DIS015516	Carcinoma, Renal Cell
DIS015400	Carcinoma, Signet Ring Cell
DIS015598	Carcinoma, Small Cell
DIS011245	Carcinoma, Squamous Cell
DIS011759	Carcinoma, Transitional Cell
DIS015437	Carcinoma, Verrucous
DIS005887	Carcinosarcoma
DIS003447	Cardiac tamponade
DIS011236	Cardiomyopathies
DIS011497	Cardiomyopathy, Alcoholic
DIS011496	Cardiomyopathy, Dilated
DIS011431	Cardiomyopathy, Hypertrophic
DIS015461	Cardiomyopathy, Restrictive
DIS011489	Cardiovascular Diseases
DIS005445	Carney complex
DIS004423	Caroli disease
DIS015386	Carotid Artery Diseases
DIS009491	carotid artery thrombosis
DIS009234	carotid stenosis
DIS008423	Carpal tunnel syndrome
DIS011444	Cartilage Diseases
DIS006453	Cat-scratch disease
DIS003288	Cataract
DIS008738	causalgia
DIS007246	Cavernous sinus thrombosis
DIS011614	Cecal Diseases
DIS011613	Cecal Neoplasms
DIS009103	celiac disease
DIS006433	Cellulitis
DIS015370	Central Nervous System Diseases
DIS015420	Central Nervous System Neoplasms
DIS011770	Cerebellar Diseases
DIS015486	Cerebellar Neoplasms
DIS015756	Cerebral Amyloid Angiopathy, Familial
DIS015404	Cerebral Arterial Diseases
DIS003256	Cerebral infarction
DIS009900	Cerebral palsy
DIS015409	Cerebral Ventricle Neoplasms
DIS015651	Cerebrovascular Disorders
DIS003598	Cervical intraepithelial neoplasia
DIS006527	Chalazion
DIS015479	Chancre
DIS007940	Chancroid
DIS009100	Charcot-Marie-Tooth disease
DIS004198	CHARGE syndrome
DIS009438	Chediak-Higashi syndrome
DIS004027	Cheilitis
DIS011687	Chemical and Drug Induced Liver Injury, Chronic
DIS005423	Cherubism
DIS011478	Chiari-Frommel Syndrome
DIS003835	Chickenpox
DIS004510	Cholangiocarcinoma
DIS009717	cholangitis
DIS011583	Cholangitis, Sclerosing
DIS005103	Cholecystitis
DIS008493	cholecystolithiasis
DIS009688	choledochal cyst
DIS009168	choledocholithiasis
DIS007290	Cholera
DIS004998	Cholestasis
DIS011539	Cholestasis, Extrahepatic
DIS011663	Cholestasis, Intrahepatic
DIS006780	Cholesteatoma
DIS011353	Cholesteatoma, Middle Ear
DIS009308	cholesterol ester storage disease
DIS015694	Choline Deficiency
DIS005452	Chondroblastoma
DIS006083	Chondrocalcinosis
DIS007459	Chondrodysplasia punctata
DIS011751	Chondrodysplasia Punctata, Rhizomelic
DIS005348	Chondroma
DIS004294	Chondromalacia patellae
DIS008078	Chondrosarcoma
DIS015526	Chondrosarcoma, Mesenchymal
DIS005121	Chordoma
DIS007536	Chorea gravidarum
DIS002818	Choriocarcinoma
DIS015497	Choriocarcinoma, Non-gestational
DIS008962	chorioretinitis
DIS011577	Choroid Diseases
DIS011484	Choroid Neoplasms
DIS015408	Choroid Plexus Neoplasms
DIS006211	Choroideremia
DIS009146	choroiditis
DIS003940	Chromoblastomycosis
DIS010405	Chronic kidney disease-mineral and bone disorder
DIS011522	Chronobiology Disorders
DIS009450	Churg-Strauss syndrome
DIS015788	Ciliary Motility Disorders
DIS006739	Citrullinemia
DIS011273	Classical Lissencephalies and Subcortical Band Heterotopias
DIS008973	cleft lip
DIS009629	cleft palate
DIS009275	cleidocranial dysplasia
DIS008351	Clonorchiasis
DIS003713	Clubfoot
DIS011698	Coagulation Protein Disorders
DIS015688	Cocaine-Related Disorders
DIS007035	Coccidioidomycosis
DIS008671	coccidiosis
DIS015601	Cochlear Diseases
DIS004443	Cockayne syndrome
DIS009516	Coffin-Lowry syndrome
DIS004714	Cogan syndrome
DIS003600	Colitis
DIS011256	Colitis, Collagenous
DIS011254	Colitis, Ischemic
DIS011257	Colitis, Lymphocytic
DIS011255	Colitis, Microscopic
DIS015708	Colitis, Ulcerative
DIS015702	Collagen Diseases
DIS003707	Coloboma
DIS015591	Colonic Diseases
DIS015450	Colonic Diseases, Functional
DIS011697	Colonic Neoplasms
DIS009523	colonic pseudo-obstruction
DIS011402	Color Vision Defects
DIS004328	Colorado tick fever
DIS015614	Colorectal Neoplasms
DIS015451	Colorectal Neoplasms, Hereditary Nonpolyposis
DIS015659	Combat Disorders
DIS015476	Common Bile Duct Diseases
DIS015535	Common Bile Duct Neoplasms
DIS003454	Common cold
DIS007852	Common variable immunodeficiency
DIS011685	Communication Disorders
DIS015658	Compartment Syndromes
DIS015362	Complex Regional Pain Syndromes
DIS008922	composite lymphoma
DIS011349	Compulsive Personality Disorder
DIS003922	Conduct disorder
DIS011369	Condylomata Acuminata
DIS015584	Congenital Disorders of Glycosylation
DIS003980	Congenital hypothyroidism
DIS015493	Conjunctival Diseases
DIS015602	Conjunctival Neoplasms
DIS004301	Conjunctivitis
DIS011373	Conjunctivitis, Acute Hemorrhagic
DIS011372	Conjunctivitis, Allergic
DIS015799	Conjunctivitis, Bacterial
DIS011548	Conjunctivitis, Inclusion
DIS015643	Connective Tissue Diseases
DIS006679	Conversion disorder
DIS011517	Coproporphyria, Hereditary
DIS011294	Corneal Diseases
DIS011451	Corneal Dystrophies, Hereditary
DIS011274	Corneal Dystrophy, Juvenile Epithelial of Meesmann
DIS008491	corneal edema
DIS007448	Corneal neovascularization
DIS005002	Corneal ulcer
DIS009486	coronary aneurysm
DIS006101	Coronary artery disease
DIS008825	coronary restenosis
DIS008826	coronary stenosis
DIS007155	Coronary thrombosis
DIS011144	Coronary vasospasm
DIS011389	Corynebacterium Infections
DIS006261	Costello syndrome
DIS003118	Cowpox
DIS015443	Cranial Nerve Diseases
DIS011773	Cranial Nerve Neoplasms
DIS011717	Craniofacial Dysostosis
DIS005128	Craniopharyngioma
DIS011718	Craniosynostoses
DIS006696	CREST syndrome
DIS011429	Creutzfeldt-Jakob Syndrome
DIS009209	Cri-Du-Chat syndrome
DIS009517	Crigler-Najjar syndrome
DIS011259	Crohn Disease
DIS006023	Croup
DIS003425	Cryoglobulinemia
DIS007064	Cryptococcosis
DIS007560	Cryptogenic organizing pneumonia
DIS006406	Cryptorchidism
DIS005209	Cryptosporidiosis
DIS009951	Cushing syndrome
DIS003338	Cutis laxa
DIS006906	Cyclosporiasis
DIS009654	cyclothymic disorder
DIS005615	Cystadenocarcinoma
DIS015417	Cystadenocarcinoma, Mucinous
DIS011807	Cystadenocarcinoma, Papillary
DIS011810	Cystadenocarcinoma, Serous
DIS015603	Cystadenofibroma
DIS005629	Cystadenoma
DIS006529	Cystic fibrosis
DIS006036	Cysticercosis
DIS004847	Cystinosis
DIS007943	Cystinuria
DIS009327	cystitis
DIS011564	Cystitis, Interstitial
DIS015440	Cytochrome-c Oxidase Deficiency
DIS005840	Cytomegalovirus retinitis
DIS005142	Dacryocystitis
DIS005450	Dandruff
DIS009425	Dandy-Walker syndrome
DIS011763	Darier Disease
DIS011414	De Lange Syndrome
DIS009279	De Quervain disease
DIS015578	Deficiency Diseases
DIS004825	Delirium
DIS015718	Dementia, Vascular
DIS015361	Demyelinating Diseases
DIS015632	Dendritic Cell Sarcoma, Follicular
DIS015684	Dendritic Cell Sarcoma, Interdigitating
DIS011440	Dengue
DIS009364	dental caries
DIS008937	dental enamel hypoplasia
DIS008912	dental pulp calcification
DIS015589	Dental Pulp Diseases
DIS008514	dental pulp necrosis
DIS007819	Dentin dysplasia
DIS009632	dentin sensitivity
DIS004567	Dentinogenesis imperfecta
DIS009515	Denys-Drash syndrome
DIS006287	Dependent personality disorder
DIS011361	Depersonalization
DIS011629	Depression
DIS015780	Depression, Postpartum
DIS011628	Depressive Disorder
DIS011606	Depressive Disorder, Major
DIS007359	Dermatitis
DIS003192	Dermatitis herpetiformis
DIS011798	Dermatitis, Allergic Contact
DIS015371	Dermatitis, Atopic
DIS011769	Dermatitis, Contact
DIS011768	Dermatitis, Irritant
DIS015512	Dermatitis, Occupational
DIS015444	Dermatitis, Photoallergic
DIS015513	Dermatitis, Phototoxic
DIS015722	Dermatitis, Seborrheic
DIS015445	Dermatitis, Toxicodendron
DIS015401	Dermatofibrosarcoma
DIS011621	Dermatomycoses
DIS007592	Dermatomyositis
DIS004405	Dermoid cyst
DIS003759	Dextrocardia
DIS003375	Diabetes insipidus
DIS011458	Diabetes Insipidus, Nephrogenic
DIS011459	Diabetes Insipidus, Neurogenic
DIS004064	Diabetes mellitus
DIS011405	Diabetes Mellitus, Lipoatrophic
DIS015803	Diabetes Mellitus, Type 1
DIS015774	Diabetes Mellitus, Type 2
DIS011407	Diabetes, Gestational
DIS011406	Diabetic Angiopathies
DIS003582	Diabetic ketoacidosis
DIS011391	Diabetic Neuropathies
DIS007108	Diabetic retinopathy
DIS009423	diaper rash
DIS008470	diaphragmatic eventration
DIS008529	dicrocoeliasis
DIS007476	Dientamoebiasis
DIS011260	Diffuse Cerebral Sclerosis of Schilder
DIS005391	DiGeorge syndrome
DIS015679	Digestive System Diseases
DIS011811	Digestive System Neoplasms
DIS006746	Dihydropyrimidine dehydrogenase deficiency
DIS011591	Dipetalonema Infections
DIS008038	Diphyllobothriasis
DIS003471	Dirofilariasis
DIS005883	Discitis
DIS008920	discrete subaortic stenosis
DIS015711	Disorders of Excessive Somnolence
DIS004166	Disorders of sex development
DIS011350	Disruptive, Impulse Control, and Conduct Disorders
DIS005520	Disseminated intravascular coagulation
DIS009792	Dissociative disorders
DIS011410	Distal Myopathies
DIS006483	Diverticulitis
DIS011515	Diverticulitis, Colonic
DIS011509	Diverticulosis, Esophageal
DIS015504	Diverticulosis, Stomach
DIS007738	Donohue syndrome
DIS003408	Double outlet right ventricle
DIS005005	Down syndrome
DIS006575	Dracunculiasis
DIS011295	Dry Eye Syndromes
DIS009789	Dry socket
DIS009208	Duane retraction syndrome
DIS011554	Ductus Arteriosus, Patent
DIS004330	Dumping syndrome
DIS015469	Duodenal Diseases
DIS011291	Duodenal Neoplasms
DIS009503	duodenal obstruction
DIS009334	duodenal ulcer
DIS006569	Duodenitis
DIS008805	duodenogastric reflux
DIS011397	Dysautonomia, Familial
DIS008141	Dysentery
DIS011457	Dysentery, Bacillary
DIS008515	dysgammaglobulinemia
DIS007342	Dysgerminoma
DIS005952	Dyskeratosis congenita
DIS006712	Dyslexia
DIS011676	Dysostoses
DIS006718	Dysplastic nevus syndrome
DIS009186	dysthymic disorder
DIS004374	Dystonia
DIS011242	Dystonia Musculorum Deformans
DIS011243	Dystonic Disorders
DIS011766	Ear Diseases
DIS015577	Ear Neoplasms
DIS009294	Ebstein anomaly
DIS008944	eccrine porocarcinoma
DIS003316	Echinococcosis
DIS008528	echinostomiasis
DIS005942	Echolalia
DIS008046	Eclampsia
DIS006422	Ecthyma
DIS015725	Ecthyma, Contagious
DIS007405	Ectodermal dysplasia
DIS011610	Ectodermal Dysplasia 1, Anhidrotic
DIS015474	Ectoparasitic Infestations
DIS007823	Ectropion
DIS015755	Eczema, Dyshidrotic
DIS015506	Egg Hypersensitivity
DIS009245	Ehlers-Danlos syndrome
DIS007289	Ehrlichiosis
DIS008876	elephantiasis
DIS011442	Elephantiasis, Filarial
DIS011725	Elliptocytosis, Hereditary
DIS009217	Ellis-Van Creveld syndrome
DIS011604	Embolism, Cholesterol
DIS008996	emphysematous cholecystitis
DIS005846	Empty sella syndrome
DIS015441	Empyema, Pleural
DIS011385	Empyema, Subdural
DIS011586	Empyema, Tuberculous
DIS003804	Encephalitis
DIS015640	Encephalitis, Arbovirus
DIS011211	Encephalitis, California
DIS011339	Encephalitis, Japanese
DIS011340	Encephalitis, St. Louis
DIS011214	Encephalitis, Tick-Borne
DIS008830	encephalitozoonosis
DIS009359	encephalomalacia
DIS008932	encephalomyelitis
DIS011542	Encephalomyelitis, Acute Disseminated
DIS011337	Encephalomyelitis, Eastern Equine
DIS015789	Encephalomyelitis, Venezuelan Equine
DIS011338	Encephalomyelitis, Western Equine
DIS015599	Encephalopathy, Bovine Spongiform
DIS005831	Enchondromatosis
DIS011234	Endocardial Cushion Defects
DIS006343	Endocardial fibroelastosis
DIS007391	Endocarditis
DIS015531	Endocarditis, Subacute Bacterial
DIS011644	Endocrine Gland Neoplasms
DIS011772	Endocrine System Diseases
DIS006970	Endodermal sinus tumor
DIS002735	Endolymphatic hydrops
DIS011547	Endometrial Neoplasms
DIS015581	Endometrial Stromal Tumors
DIS008015	Endometriosis
DIS006684	Endometritis
DIS008560	endomyocardial fibrosis
DIS005537	Endophthalmitis
DIS006782	Enophthalmos
DIS015715	Enterocolitis, Necrotizing
DIS011258	Enterocolitis, Pseudomembranous
DIS006429	Entropion
DIS006713	Eosinophilia
DIS009742	eosinophilia-myalgia syndrome
DIS007630	Eosinophilic esophagitis
DIS003915	Ependymoma
DIS003374	Epidermodysplasia verruciformis
DIS006717	Epidermolysis bullosa
DIS005896	Epidermolysis bullosa acquisita
DIS004399	Epidermolysis bullosa dystrophica
DIS007504	Epidermolysis bullosa simplex
DIS015358	Epidermolysis Bullosa, Junctional
DIS003769	Epididymitis
DIS008502	epidural abscess
DIS015419	Epidural Neoplasms
DIS004315	Epiglottitis
DIS011800	Epilepsies, Myoclonic
DIS011704	Epilepsies, Partial
DIS003844	Epilepsy
DIS011658	Epilepsy, Absence
DIS011582	Epilepsy, Benign Neonatal
DIS011456	Epilepsy, Complex Partial
DIS015379	Epilepsy, Frontal Lobe
DIS011659	Epilepsy, Generalized
DIS015375	Epilepsy, Partial, Motor
DIS015378	Epilepsy, Partial, Sensory
DIS011744	Epilepsy, Reflex
DIS015377	Epilepsy, Rolandic
DIS015376	Epilepsy, Temporal Lobe
DIS015680	Epilepsy, Tonic-Clonic
DIS006860	Epiretinal membrane
DIS009549	Erdheim-Chester disease
DIS007148	Erysipelas
DIS003223	Erysipeloid
DIS009676	erythema infectiosum
DIS006973	Erythrasma
DIS011356	Erythroblastosis, Fetal
DIS008416	Erythrokeratodermia variabilis
DIS006423	Erythromelalgia
DIS009023	Esophageal achalasia
DIS007406	Esophageal atresia
DIS015626	Esophageal Diseases
DIS015750	Esophageal Motility Disorders
DIS015573	Esophageal Neoplasms
DIS006716	Esophagitis
DIS011565	Esophagitis, Peptic
DIS007503	Esotropia
DIS005902	Essential tremor
DIS015434	Esthesioneuroblastoma, Olfactory
DIS008982	ethmoid sinusitis
DIS009591	eunuchism
DIS011776	Euthyroid Sick Syndromes
DIS011229	Exanthema
DIS009047	exanthema subitum
DIS009262	exfoliation syndrome
DIS008465	exhibitionism
DIS005079	Exocrine pancreatic insufficiency
DIS005280	Exophthalmos
DIS011684	Exostoses
DIS011692	Exostoses, Multiple Hereditary
DIS004282	Exotropia
DIS015613	Eye Diseases
DIS011696	Eye Neoplasms
DIS015588	Eyelid Diseases
DIS011695	Eyelid Neoplasms
DIS003639	Fabry disease
DIS015345	Facial Dermatoses
DIS009337	facial hemiatrophy
DIS011573	Facial Nerve Diseases
DIS008607	facial neuralgia
DIS009272	facial paralysis
DIS009370	factor V deficiency
DIS009369	factor VII deficiency
DIS008676	factor X deficiency
DIS009372	factor XI deficiency
DIS008678	factor XII deficiency
DIS006823	Factor XIII deficiency
DIS011678	Fallopian Tube Diseases
DIS011679	Fallopian Tube Neoplasms
DIS011225	Familial Hypophosphatemic Rickets
DIS006957	Familial Mediterranean fever
DIS005820	Fanconi anemia
DIS006566	Fanconi syndrome
DIS009041	Farber lipogranulomatosis
DIS004934	Farmer's lung
DIS001555	Fasciitis
DIS015792	Fasciitis, Necrotizing
DIS015791	Fasciitis, Plantar
DIS009683	fascioliasis
DIS008527	fascioloidiasis
DIS015705	Fatigue Syndrome, Chronic
DIS003343	Fatty liver
DIS009261	favism
DIS011393	Feeding and Eating Disorders of Childhood
DIS011362	Felty Syndrome
DIS015606	Femoral Neoplasms
DIS008819	femoral neuropathy
DIS011453	Fetishism (Psychiatric)
DIS011537	Fetofetal Transfusion
DIS004007	Fibroadenoma
DIS011307	Fibrocystic Breast Disease
DIS011656	Fibroma, Ossifying
DIS004810	Fibromyalgia
DIS005637	Fibrosarcoma
DIS004732	Fibrous dysplasia of bone
DIS007694	Filariasis
DIS011461	Firesetting Behavior
DIS011544	Fluorosis, Dental
DIS005549	Focal dermal hypoplasia
DIS008900	focal epithelial hyperplasia
DIS006135	Folliculitis
DIS011799	Food Hypersensitivity
DIS011540	Foramen Ovale, Patent
DIS009266	Fox-Fordyce disease
DIS006776	Fragile X syndrome
DIS003808	Frasier syndrome
DIS008859	freemartinism
DIS009215	Friedreich ataxia
DIS008480	frontal sinusitis
DIS015815	Fructose Intolerance
DIS015583	Fructose-1,6-Diphosphatase Deficiency
DIS009156	Fuchs' endothelial dystrophy
DIS005936	Fucosidosis
DIS011381	Fusobacterium Infections
DIS009544	gait apraxia
DIS011605	Galactosemias
DIS011262	Gallbladder Diseases
DIS011812	Gallbladder Neoplasms
DIS011460	Gambling
DIS007297	Ganglioglioma
DIS007293	Ganglioneuroblastoma
DIS005745	Ganglioneuroma
DIS011724	Gangliosidoses
DIS015372	Gangliosidoses, GM2
DIS015373	Gangliosidosis, GM1
DIS004076	Gas gangrene
DIS004037	Gastric antral vascular ectasia
DIS008739	gastric dilatation
DIS006599	Gastric outlet obstruction
DIS005011	Gastrinoma
DIS004168	Gastritis
DIS015734	Gastritis, Atrophic
DIS015723	Gastritis, Hypertrophic
DIS000194	Gastroenteritis
DIS015700	Gastroesophageal Reflux
DIS015758	Gastrointestinal Stromal Tumors
DIS006474	Gastroparesis
DIS003221	Gastroschisis
DIS010044	Gaucher disease
DIS015634	Genetic Diseases, Inborn
DIS011713	Genital Diseases, Female
DIS015552	Genital Diseases, Male
DIS011432	Genital Neoplasms, Female
DIS015449	Genital Neoplasms, Male
DIS003483	Geotrichosis
DIS006979	Germinoma
DIS006560	Gerstmann syndrome
DIS015492	Gerstmann-Straussler-Scheinker Disease
DIS009819	Giant cell arteritis
DIS015495	Giant Cell Tumor of Bone
DIS011682	Giant Cell Tumors
DIS003751	Giardiasis
DIS011765	Gilbert Disease
DIS011611	Gingival Diseases
DIS008898	gingival hypertrophy
DIS015670	Gingival Neoplasms
DIS008723	gingival overgrowth
DIS008498	gingival recession
DIS006335	Gingivitis
DIS011561	Gingivitis, Necrotizing Ulcerative
DIS005880	Gitelman syndrome
DIS004343	Glanders
DIS007904	Glaucoma
DIS011536	Glaucoma, Angle-Closure
DIS011641	Glaucoma, Neovascular
DIS011328	Glaucoma, Open-Angle
DIS008071	Glioblastoma
DIS006665	Glioma
DIS015559	Glioma, Subependymal
DIS009454	gliosarcoma
DIS004548	Glomerulonephritis
DIS011790	Glomerulonephritis, IGA
DIS011783	Glomerulonephritis, Membranoproliferative
DIS011355	Glomerulonephritis, Membranous
DIS011506	Glomerulosclerosis, Focal Segmental
DIS004079	Glomus tumor
DIS003612	Glossitis
DIS011602	Glossitis, Benign Migratory
DIS011592	Glossopharyngeal Nerve Diseases
DIS009102	glucose intolerance
DIS015483	Glucose Metabolism Disorders
DIS009433	glucosephosphate dehydrogenase deficiency
DIS006031	Glycogen storage disease
DIS006590	Glycogen storage disease type I
DIS005365	Glycogen storage disease type II
DIS011220	Glycogen Storage Disease Type IIb
DIS006294	Glycogen storage disease type III
DIS005957	Glycogen storage disease type IV
DIS006832	Glycogen storage disease type V
DIS006680	Glycogen storage disease type VI
DIS011411	Glycogen Storage Disease Type VII
DIS011767	Glycogen Storage Disease Type VIII
DIS015777	Glycosuria, Renal
DIS006636	Gnathostomiasis
DIS009189	goiter
DIS011512	Goiter, Endemic
DIS011511	Goiter, Nodular
DIS011513	Goiter, Substernal
DIS004657	Goldenhar syndrome
DIS011712	Gonadal Disorders
DIS006161	Gonadal dysgenesis
DIS011595	Gonadal Dysgenesis, 46,XX
DIS011593	Gonadal Dysgenesis, 46,XY
DIS011594	Gonadal Dysgenesis, Mixed
DIS006974	Gonadoblastoma
DIS004375	Gonorrhea
DIS001095	Gout
DIS005844	Granular cell tumor
DIS006434	Granuloma annulare
DIS003766	Granuloma inguinale
DIS011666	Granuloma, Giant Cell
DIS015742	Granuloma, Lethal Midline
DIS007250	Granulomatosis with polyangiitis
DIS015367	Granulomatous Disease, Chronic
DIS009446	granulosa cell tumor
DIS011454	Graves Disease
DIS007742	Gray platelet syndrome
DIS015631	Growth Hormone-Secreting Pituitary Adenoma
DIS009225	Guillain-Barre syndrome
DIS009545	gynatresia
DIS010781	Gynecomastia
DIS009282	gyrate atrophy
DIS008750	haemonchiasis
DIS015487	Hair Diseases
DIS015522	Hallermann's Syndrome
DIS015639	Hamartoma Syndrome, Multiple
DIS015350	Hand Dermatoses
DIS009113	hand, foot and mouth disease
DIS008627	hantavirus pulmonary syndrome
DIS004991	Hartnup disease
DIS011428	Head and Neck Neoplasms
DIS011290	Hearing Loss, Central
DIS009728	heart aneurysm
DIS011267	Heart Arrest
DIS011640	Heart Defects, Congenital
DIS011387	Heart Diseases
DIS007384	Heart failure
DIS015804	Heart Failure, Diastolic
DIS015795	Heart Failure, Systolic
DIS011404	Heart Neoplasms
DIS011639	Heart Septal Defects
DIS011668	Heart Septal Defects, Atrial
DIS011636	Heart Septal Defects, Ventricular
DIS015470	Heart Valve Diseases
DIS007632	Heavy chain disease
DIS009361	heel spur
DIS004382	HELLP syndrome
DIS006833	Helminthiasis
DIS005245	Hemangioblastoma
DIS005382	Hemangioma
DIS011761	Hemangioma, Capillary
DIS015554	Hemangioma, Cavernous
DIS006657	Hemangiopericytoma
DIS004061	Hemangiosarcoma
DIS003587	Hemarthrosis
DIS005024	Hematocele
DIS015674	Hematologic Diseases
DIS011742	Hematologic Neoplasms
DIS007651	Hematometra
DIS009124	hemiplegia
DIS009381	hemochromatosis
DIS009431	hemoglobin C disease
DIS011777	Hemoglobinopathies
DIS003326	Hemoglobinuria
DIS011263	Hemoglobinuria, Paroxysmal
DIS005585	Hemolytic-uremic syndrome
DIS011437	Hemophilia A
DIS009194	hemophilia B
DIS003871	Hemopneumothorax
DIS011699	Hemorrhagic Disorders
DIS009140	hemorrhagic fever with renal syndrome
DIS011447	Hemorrhagic Fever, Crimean
DIS015498	Hemorrhagic Fever, Ebola
DIS015818	Hemorrhagic Fever, Omsk
DIS010073	Hemorrhoids
DIS007540	Hemosiderosis
DIS015558	Hemostatic Disorders
DIS006732	Hepatic encephalopathy
DIS007090	Hepatic veno-occlusive disease
DIS005551	Hepatitis A
DIS006425	Hepatitis B
DIS004627	Hepatitis C
DIS004615	Hepatitis D
DIS004250	Hepatitis E
DIS011688	Hepatitis, Autoimmune
DIS011707	Hepatitis, Chronic
DIS011669	Hepatitis, Viral, Animal
DIS004716	Hepatoblastoma
DIS015735	Hepatolenticular Degeneration
DIS008965	hepatopulmonary syndrome
DIS008151	Hepatorenal syndrome
DIS015615	Hereditary Breast and Ovarian Cancer Syndrome
DIS011735	Hereditary Sensory and Autonomic Neuropathies
DIS011731	Hereditary Sensory and Motor Neuropathy
DIS015439	Hermanski-Pudlak Syndrome
DIS007067	Hernia
DIS011268	Hernia, Umbilical
DIS004000	Herpangina
DIS015717	Herpes Genitalis
DIS006218	Herpes simplex
DIS009660	herpes zoster
DIS015754	Herpes Zoster Oticus
DIS004949	Hidradenitis
DIS005811	Hidradenitis suppurativa
DIS004151	Hidrocystoma
DIS008740	high pressure neurological syndrome
DIS011314	Hirschsprung Disease
DIS011750	Histiocytic Disorders, Malignant
DIS004755	Histiocytic sarcoma
DIS002867	Histiocytoma
DIS015514	Histiocytoma, Benign Fibrous
DIS011672	Histiocytoma, Malignant Fibrous
DIS003335	Histiocytosis
DIS015499	Histiocytosis, Non-Langerhans-Cell
DIS005860	Histrionic personality disorder
DIS015586	HIV Infections
DIS015704	Hodgkin Disease
DIS006118	Holocarboxylase synthetase deficiency
DIS006007	Holoprosencephaly
DIS003353	Homocystinuria
DIS009737	hordeolum
DIS010083	Horner syndrome
DIS011488	Huntington Disease
DIS011479	Hyaline Membrane Disease
DIS015414	Hydatidiform Mole
DIS007876	Hydranencephaly
DIS004078	Hydrocephalus
DIS011623	Hydrocephalus, Normal Pressure
DIS007556	Hydronephrosis
DIS009134	hydrophthalmos
DIS007607	Hymenolepiasis
DIS015648	Hyper-IgM Immunodeficiency Syndrome
DIS003463	Hyperaldosteronism
DIS006733	Hyperandrogenism
DIS009708	hyperargininemia
DIS009211	hypercalcemia
DIS006623	Hypercementosis
DIS004841	Hyperekplexia
DIS006539	Hyperglycemia
DIS015762	Hyperglycinemia, Nonketotic
DIS005643	Hyperhomocysteinemia
DIS004535	Hyperinsulinism
DIS015532	Hyperkeratosis, Epidermolytic
DIS011550	Hyperlipidemia, Familial Combined
DIS011403	Hyperlipidemias
DIS011576	Hyperlipoproteinemia Type I
DIS011551	Hyperlipoproteinemia Type II
DIS008734	hyperlipoproteinemia type III
DIS009164	hyperlipoproteinemia type IV
DIS008516	hyperlipoproteinemia type V
DIS015764	Hyperlysinemias
DIS009732	hyperopia
DIS007421	Hyperostosis
DIS015494	Hyperostosis, Cortical, Congenital
DIS015649	Hyperostosis, Diffuse Idiopathic Skeletal
DIS010938	Hyperoxaluria
DIS007266	Hyperparathyroidism
DIS011371	Hyperparathyroidism, Primary
DIS011464	Hyperparathyroidism, Secondary
DIS006709	Hyperphosphatemia
DIS007174	Hyperpituitarism
DIS007341	Hypersensitivity
DIS008931	hypersplenism
DIS005650	Hypertension
DIS011336	Hypertension, Malignant
DIS011331	Hypertension, Portal
DIS015638	Hypertension, Pulmonary
DIS011329	Hypertension, Renal
DIS011627	Hypertension, Renovascular
DIS001757	Hypertensive encephalopathy
DIS005067	Hypertensive retinopathy
DIS005379	Hyperthyroidism
DIS001878	Hyperthyroxinemia
DIS003829	Hypertrichosis
DIS005173	Hypervitaminosis A
DIS011559	Hypobetalipoproteinemias
DIS006660	Hypochondriasis
DIS008558	hypodermyiasis
DIS011552	Hypoglossal Nerve Diseases
DIS004124	Hypoglycemia
DIS006497	Hypogonadism
DIS008186	Hypohidrosis
DIS006233	Hypokalemia
DIS005292	Hypokalemic periodic paralysis
DIS011557	Hypolipoproteinemias
DIS007179	Hypoparathyroidism
DIS015699	Hypopharyngeal Neoplasms
DIS005492	Hypopituitarism
DIS005570	Hypoplastic left heart syndrome
DIS011705	Hypoprothrombinemias
DIS003763	Hypospadias
DIS011675	Hypothalamic Diseases
DIS015423	Hypothalamic Neoplasms
DIS007364	Hypothyroidism
DIS008228	Hypotrichosis
DIS011642	Ichthyosiform Erythroderma, Congenital
DIS005255	Ichthyosis
DIS007763	Ichthyosis bullosa of Siemens
DIS008025	Ichthyosis vulgaris
DIS011645	Ichthyosis, X-Linked
DIS004472	Idiopathic pulmonary fibrosis
DIS011248	IgA Deficiency
DIS007115	IgG deficiency
DIS011297	Ileal Neoplasms
DIS006725	Ileitis
DIS003518	Ileus
DIS011619	Immune Complex Diseases
DIS015627	Immunologic Deficiency Syndromes
DIS011782	Immunoproliferative Disorders
DIS006844	Impetigo
DIS015548	Impotence, Vasculogenic
DIS009490	inappropriate ADH syndrome
DIS006785	Incontinentia pigmenti
DIS015405	Infarction, Anterior Cerebral Artery
DIS015403	Infarction, Middle Cerebral Artery
DIS015446	Infarction, Posterior Cerebral Artery
DIS006145	Infectious mononucleosis
DIS015622	Inferior Wall Myocardial Infarction
DIS006330	Infertility
DIS011452	Infertility, Male
DIS011231	Inflammatory Bowel Diseases
DIS015633	Inflammatory Breast Neoplasms
DIS015519	Influenza in Birds
DIS015695	Influenza, Human
DIS015544	Infratentorial Neoplasms
DIS011218	Insomnia, Fatal Familial
DIS003733	Insulinoma
DIS003679	Intermittent claudication
DIS003958	Intestinal atresia
DIS015587	Intestinal Diseases
DIS011296	Intestinal Neoplasms
DIS009650	intestinal obstruction
DIS008669	intestinal perforation
DIS008791	intestinal pseudo-obstruction
DIS009652	intestinal volvulus
DIS007058	Intracranial aneurysm
DIS011503	Intracranial Arterial Diseases
DIS011480	Intracranial Arteriosclerosis
DIS011281	Intracranial Arteriovenous Malformations
DIS008839	intracranial embolism
DIS009716	intracranial hypertension
DIS008861	intracranial hypotension
DIS008817	intracranial thrombosis
DIS008945	intraocular lymphoma
DIS009653	intussusception
DIS004948	Iridocorneal endothelial syndrome
DIS011730	Iris Diseases
DIS015396	Iris Neoplasms
DIS008611	iritis
DIS011719	Iron Metabolism Disorders
DIS007649	Irritable bowel syndrome
DIS011708	Ischemic Attack, Transient
DIS015610	Ischemic Contracture
DIS006344	Isosporiasis
DIS011450	Jaundice, Chronic Idiopathic
DIS011728	Jaundice, Neonatal
DIS011664	Jaw Neoplasms
DIS011532	Jejunal Neoplasms
DIS009430	Jervell-Lange Nielsen syndrome
DIS015366	Job Syndrome
DIS015442	Joint Diseases
DIS006791	Kallmann syndrome
DIS015746	Kaposi Varicelliform Eruption
DIS008443	Kartagener syndrome
DIS009233	Kearns-Sayre syndrome
DIS006327	Keratitis
DIS011283	Keratitis, Dendritic
DIS004981	Keratoacanthoma
DIS004952	Keratoconjunctivitis
DIS009231	keratoconjunctivitis sicca
DIS007591	Keratoconus
DIS015385	Keratoderma, Palmoplantar
DIS011216	Keratoderma, Palmoplantar, Diffuse
DIS007329	Keratosis
DIS015730	Keratosis, Actinic
DIS015642	Keratosis, Seborrheic
DIS004455	Kernicterus
DIS009442	kidney cortex necrosis
DIS015608	Kidney Diseases
DIS011788	Kidney Diseases, Cystic
DIS015683	Kidney Failure, Chronic
DIS011754	Kidney Neoplasms
DIS009443	kidney papillary necrosis
DIS011470	Kidney Tubular Necrosis, Acute
DIS005222	Klatskin tumor
DIS005799	Klinefelter syndrome
DIS009096	Klippel-Feil syndrome
DIS011784	Klippel-Trenaunay-Weber Syndrome
DIS009393	Kluver-Bucy syndrome
DIS011180	Korsakoff syndrome
DIS003624	Krukenberg tumor
DIS009622	kuru
DIS007332	Kwashiorkor
DIS002346	Kyasanur Forest disease
DIS011785	Labyrinth Diseases
DIS003291	Labyrinthitis
DIS011545	Lacrimal Apparatus Diseases
DIS009271	lacrimal duct obstruction
DIS004982	Lactose intolerance
DIS005277	Lafora disease
DIS009027	Lambert-Eaton myasthenic syndrome
DIS009399	Landau-Kleffner syndrome
DIS015571	Langer-Giedion Syndrome
DIS004765	Langerhans cell sarcoma
DIS015770	Language Disorders
DIS004882	Laron syndrome
DIS015807	Larva Migrans, Visceral
DIS015685	Laryngeal Diseases
DIS011752	Laryngeal Neoplasms
DIS003392	Laryngitis
DIS009154	laryngostenosis
DIS004286	Lassa fever
DIS004759	Lateral medullary syndrome
DIS008770	lateral sinus thrombosis
DIS009355	Laurence-Moon syndrome
DIS015733	Learning Disorders
DIS008631	Leber congenital amaurosis
DIS004786	Lecithin cholesterol acyltransferase deficiency
DIS015347	Leg Dermatoses
DIS009300	Legg-Calve-Perthes disease
DIS009097	legionellosis
DIS007142	Legionnaires' disease
DIS007490	Leigh disease
DIS004907	Leiomyoma
DIS008886	leiomyomatosis
DIS003389	Leiomyosarcoma
DIS007788	Leishmaniasis
DIS015744	Leishmaniasis, Cutaneous
DIS015749	Leishmaniasis, Mucocutaneous
DIS015748	Leishmaniasis, Visceral
DIS011359	Lens Diseases
DIS008501	lens subluxation
DIS009295	LEOPARD syndrome
DIS003909	Leprosy
DIS011299	Leprosy, Borderline
DIS011345	Leprosy, Lepromatous
DIS011301	Leprosy, Tuberculoid
DIS007107	Leptospirosis
DIS009349	Lesch-Nyhan syndrome
DIS005734	Leukemia
DIS015820	Leukemia, Biphenotypic, Acute
DIS011775	Leukemia, Hairy Cell
DIS011313	Leukemia, Lymphocytic, Chronic, B-Cell
DIS011308	Leukemia, Lymphoid
DIS015759	Leukemia, Mast-Cell
DIS015724	Leukemia, Megakaryoblastic, Acute
DIS015729	Leukemia, Monocytic, Acute
DIS015706	Leukemia, Myelogenous, Chronic, BCR-ABL Positive
DIS015709	Leukemia, Myeloid
DIS015745	Leukemia, Myeloid, Acute
DIS011280	Leukemia, Myeloid, Chronic, Atypical, BCR-ABL Negative
DIS011227	Leukemia, Myelomonocytic, Juvenile
DIS015783	Leukemia, Plasma Cell
DIS011310	Leukemia, Prolymphocytic
DIS011266	Leukemia, Promyelocytic, Acute
DIS015666	Leukemia, T-Cell
DIS011230	Leukemia-Lymphoma, Adult T-Cell
DIS003287	Leukemoid reaction
DIS015782	Leukocyte Disorders
DIS015647	Leukocyte-Adhesion Deficiency Syndrome
DIS011320	Leukodystrophy, Globoid Cell
DIS011319	Leukodystrophy, Metachromatic
DIS015530	Leukoedema, Oral
DIS011358	Leukoencephalitis, Acute Hemorrhagic
DIS015637	Leukoencephalopathy, Progressive Multifocal
DIS011226	Leukokeratosis, Hereditary Mucosal
DIS011502	Leukomalacia, Periventricular
DIS003549	Leukopenia
DIS011264	Leukoplakia, Hairy
DIS004109	Leukorrhea
DIS008562	leukostasis
DIS011443	Lewy Body Disease
DIS009409	Leydig cell tumor
DIS009449	Li-Fraumeni syndrome
DIS015605	Lice Infestations
DIS005204	Lichen nitidus
DIS003488	Lichen planus
DIS009046	Liddle syndrome
DIS008571	lingual goiter
DIS007680	Linitis plastica
DIS015769	Lip Diseases
DIS015707	Lip Neoplasms
DIS015348	Lipid Metabolism, Inborn Errors
DIS015778	Lipidoses
DIS005940	Lipodystrophy
DIS011222	Lipodystrophy, Familial Partial
DIS011599	Lipoid Proteinosis of Urbach and Wiethe
DIS004082	Lipoma
DIS004709	Lipomatosis
DIS011575	Lipomatosis, Multiple Symmetrical
DIS004020	Liposarcoma
DIS015592	Liposarcoma, Myxoid
DIS007236	Lissencephaly
DIS005074	Listeriosis
DIS009592	liver cirrhosis
DIS011567	Liver Cirrhosis, Alcoholic
DIS011445	Liver Cirrhosis, Biliary
DIS015472	Liver Diseases
DIS015411	Liver Neoplasms
DIS003608	Lobomycosis
DIS009043	Loeys-Dietz syndrome
DIS009257	loiasis
DIS005735	Long QT syndrome
DIS000685	Louping ill
DIS008585	low tension glaucoma
DIS009237	Lown-Ganong-Levine syndrome
DIS004047	Ludwig's angina
DIS006810	Lung abscess
DIS015696	Lung Diseases
DIS011802	Lung Diseases, Interstitial
DIS011715	Lung Diseases, Obstructive
DIS015433	Lung Neoplasms
DIS011292	Lung, Hyperlucent
DIS015743	Lupus Erythematosus, Systemic
DIS005715	Lupus nephritis
DIS011681	Lutembacher Syndrome
DIS007360	Lyme disease
DIS009322	Lymphadenitis
DIS005633	Lymphangioma
DIS011801	Lymphangioma, Cystic
DIS006156	Lymphangitis
DIS015676	Lymphatic Diseases
DIS003584	Lymphedema
DIS006995	Lymphocele
DIS004177	Lymphocytic choriomeningitis
DIS003864	Lymphogranuloma venereum
DIS011212	Lymphohistiocytosis, Hemophagocytic
DIS004806	Lymphoma
DIS015663	Lymphoma, B-Cell
DIS011246	Lymphoma, Follicular
DIS011239	Lymphoma, Mantle-Cell
DIS015701	Lymphoma, Non-Hodgkin
DIS011249	Lymphoma, T-Cell, Cutaneous
DIS009617	lymphopenia
DIS015360	Lysosomal Storage Diseases
DIS009299	Machado-Joseph disease
DIS004101	Macular degeneration
DIS003448	Macular edema
DIS005291	Malaria
DIS011571	Malaria, Cerebral
DIS011570	Malaria, Falciparum
DIS011499	Malaria, Vivax
DIS011716	Mandibular Neoplasms
DIS011781	Mandibulofacial Dysostosis
DIS000967	Mansonelliasis
DIS004682	Maple syrup urine disease
DIS008076	Marburg virus disease
DIS005032	Marfan syndrome
DIS011662	Marijuana Abuse
DIS011341	Masochism
DIS009502	mast-cell sarcoma
DIS007053	Mastitis
DIS007874	Mastocytoma
DIS004602	Mastocytosis
DIS015429	Mastocytosis, Cutaneous
DIS015399	Mastocytosis, Systemic
DIS005342	Mastoiditis
DIS015538	Maxillary Neoplasms
DIS011538	Maxillary Sinus Neoplasms
DIS008667	maxillary sinusitis
DIS006221	Measles
DIS015781	Meckel Diverticulum
DIS004727	Meconium aspiration syndrome
DIS015607	Mediastinal Neoplasms
DIS003771	Mediastinitis
DIS004235	Medulloblastoma
DIS003890	Megacolon
DIS011650	Megacolon, Toxic
DIS009533	Meige syndrome
DIS004288	Melanoma
DIS015501	Melanoma, Amelanotic
DIS006340	MELAS syndrome
DIS003540	Melioidosis
DIS009338	Melkersson-Rosenthal syndrome
DIS005069	Melorheostosis
DIS015812	Meniere Disease
DIS015410	Meningeal Neoplasms
DIS007959	Meningioma
DIS003935	Meningitis
DIS011439	Meningitis, Aseptic
DIS015779	Meningitis, Bacterial
DIS011284	Meningitis, Cryptococcal
DIS011399	Meningitis, Fungal
DIS011287	Meningitis, Haemophilus
DIS011395	Meningitis, Listeria
DIS011286	Meningitis, Meningococcal
DIS011305	Meningitis, Viral
DIS009112	meningocele
DIS004904	Meningoencephalitis
DIS011269	Meningomyelocele
DIS011660	Menkes Kinky Hair Syndrome
DIS011333	Menopause, Premature
DIS011612	Mental Disorders
DIS007223	MERRF syndrome
DIS008697	mesenchymoma
DIS008477	mesenteric lymphadenitis
DIS008575	mesenteric vascular occlusion
DIS015517	Mesonephroma
DIS007032	Mesothelioma
DIS011210	Metabolic Diseases
DIS006365	Metabolic syndrome
DIS015645	Metabolism, Inborn Errors
DIS015737	Metal Metabolism, Inborn Errors
DIS005610	Methemoglobinemia
DIS005521	Mevalonate kinase deficiency
DIS005282	Microcephaly
DIS011325	Microphthalmos
DIS005349	Microsporidiosis
DIS008705	middle lobe syndrome
DIS015636	Migraine Disorders
DIS009074	migraine with aura
DIS008554	migraine without aura
DIS011492	Mikulicz' Disease
DIS003337	Miliaria
DIS015505	Milk Hypersensitivity
DIS009228	Miller Fisher syndrome
DIS015503	Mineralocorticoid Excess Syndrome, Apparent
DIS015686	Mite Infestations
DIS015661	Mitochondrial Diseases
DIS015731	Mitochondrial Encephalomyopathies
DIS015660	Mitochondrial Myopathies
DIS009149	mitral valve insufficiency
DIS003421	Mitral valve prolapse
DIS003307	Mitral valve stenosis
DIS004158	Mixed connective tissue disease
DIS011617	Mixed Tumor, Malignant
DIS009256	Mobius syndrome
DIS004431	Molluscum contagiosum
DIS005974	Mongolian spot
DIS008976	monieziasis
DIS005427	Monilethrix
DIS008017	Monkeypox
DIS011425	Mononeuropathies
DIS010133	Mood disorders
DIS009402	morphine dependence
DIS007398	Motor neuron disease
DIS015819	Motor Skills Disorders
DIS015465	Mouth Diseases
DIS003954	Movement disorders
DIS008566	Moyamoya disease
DIS009463	mucinoses
DIS015817	Mucinosis, Follicular
DIS011523	Mucocutaneous Lymph Node Syndrome
DIS015380	Mucolipidoses
DIS011485	Mucopolysaccharidoses
DIS009223	mucopolysaccharidosis I
DIS009220	mucopolysaccharidosis II
DIS009222	mucopolysaccharidosis III
DIS009224	mucopolysaccharidosis IV
DIS009221	mucopolysaccharidosis VI
DIS011486	Mucopolysaccharidosis VII
DIS003625	Mucositis
DIS009042	Muir-Torre syndrome
DIS003642	Mulibrey nanism
DIS011272	Multiple Acyl Coenzyme A Dehydrogenase Deficiency
DIS004139	Multiple carboxylase deficiency
DIS005021	Multiple chemical sensitivity
DIS005470	Multiple endocrine neoplasia type 1
DIS009031	multiple endocrine neoplasia type 2A
DIS007783	Multiple endocrine neoplasia type 2b
DIS007784	Multiple myeloma
DIS009121	multiple personality disorder
DIS004689	Multiple sclerosis
DIS011241	Multiple Sclerosis, Chronic Progressive
DIS011726	Multiple Sclerosis, Relapsing-Remitting
DIS011223	Multiple Sulfatase Deficiency Disease
DIS004103	Mumps
DIS009642	muscular atrophy
DIS011455	Muscular Atrophy, Spinal
DIS015489	Muscular Diseases
DIS015747	Muscular Disorders, Atrophic
DIS015816	Muscular Dystrophies
DIS011413	Muscular Dystrophies, Limb-Girdle
DIS011412	Muscular Dystrophy, Duchenne
DIS011415	Muscular Dystrophy, Emery-Dreifuss
DIS011416	Muscular Dystrophy, Facioscapulohumeral
DIS011409	Muscular Dystrophy, Oculopharyngeal
DIS011643	Musculoskeletal Diseases
DIS009539	mutism
DIS004275	Myasthenia gravis
DIS011569	Myasthenia Gravis, Neonatal
DIS015422	Myasthenic Syndromes, Congenital
DIS011501	Mycetoma
DIS007453	Mycobacterium avium-intracellulare infection
DIS011622	Mycoses
DIS005127	Mycosis fungoides
DIS015635	Myelinolysis, Central Pontine
DIS005132	Myelitis
DIS010137	Myelodysplastic syndromes
DIS015568	Myelodysplastic-Myeloproliferative Diseases
DIS015564	Myeloproliferative Disorders
DIS003257	Myiasis
DIS007667	Myocardial infarction
DIS004242	Myocardial stunning
DIS003267	Myocarditis
DIS009216	myoclonic cerebellar dyssynergia
DIS011253	Myoclonic Epilepsies, Progressive
DIS015562	Myoclonic Epilepsy, Juvenile
DIS008695	myoepithelioma
DIS015496	Myofascial Pain Syndromes
DIS008842	myofibroma
DIS004013	Myoma
DIS015356	Myopathies, Nemaline
DIS011607	Myopathies, Structural, Congenital
DIS015406	Myopathy, Central Core
DIS009173	myopia
DIS011421	Myopia, Degenerative
DIS004457	Myosarcoma
DIS004196	Myositis
DIS008297	Myositis ossificans
DIS015390	Myositis, Inclusion Body
DIS006583	Myotonia congenita
DIS011240	Myotonic Disorders
DIS003729	Myotonic dystrophy
DIS007327	Myxedema
DIS008808	myxosarcoma
DIS015475	Nail Diseases
DIS009719	nail-patella syndrome
DIS004820	Narcolepsy
DIS015787	Nasopharyngeal Diseases
DIS015760	Nasopharyngeal Neoplasms
DIS009098	nasopharyngitis
DIS007549	Necatoriasis
DIS003901	Necrobiosis lipoidica
DIS009587	Nelson syndrome
DIS009731	neonatal abstinence syndrome
DIS011632	Neoplasms
DIS011235	Neoplasms by Site
DIS011683	Neoplasms, Connective Tissue
DIS011791	Neoplasms, Germ Cell and Embryonal
DIS015536	Neoplasms, Muscle Tissue
DIS011804	Neoplasms, Nerve Tissue
DIS015628	Neoplasms, Neuroepithelial
DIS015353	Neoplasms, Squamous Cell
DIS004764	Nephritis
DIS011357	Nephritis, Hereditary
DIS011326	Nephritis, Interstitial
DIS003979	Nephrocalcinosis
DIS015549	Nephroma, Mesoblastic
DIS009161	nephrosclerosis
DIS004872	Nephrosis
DIS011354	Nephrosis, Lipoid
DIS006117	Nephrotic syndrome
DIS015616	Nerve Compression Syndromes
DIS015357	Nerve Sheath Neoplasms
DIS015712	Nervous System Diseases
DIS007811	Nesidioblastosis
DIS003384	Netherton syndrome
DIS009470	neurilemmoma
DIS008650	neuritis
DIS008587	neuroaspergillosis
DIS011723	Neuroaxonal Dystrophies
DIS004589	Neuroblastoma
DIS008510	neurocirculatory asthenia
DIS011620	Neurocognitive Disorders
DIS007295	Neurocytoma
DIS011490	Neurodegenerative Diseases
DIS009478	neurodermatitis
DIS011638	Neuroectodermal Tumor, Melanotic
DIS011647	Neuroectodermal Tumors
DIS015550	Neuroectodermal Tumors, Primitive
DIS010143	Neuroendocrine tumors
DIS007190	Neurofibroma
DIS015579	Neurofibroma, Plexiform
DIS008762	neurofibrosarcoma
DIS008581	neurogenic bowel
DIS004193	Neuroleptic malignant syndrome
DIS005101	Neuroma
DIS011475	Neuroma, Acoustic
DIS015511	Neuromuscular Diseases
DIS015510	Neuromuscular Junction Diseases
DIS005352	Neuromyelitis optica
DIS011600	Neuronal Ceroid-Lipofuscinoses
DIS008600	neuroschistosomiasis
DIS010635	Neurosyphilis
DIS015416	Neurotoxicity Syndromes
DIS006459	Neutropenia
DIS000602	Newcastle disease
DIS011601	Niemann-Pick Diseases
DIS009656	night blindness
DIS007948	Nijmegen breakage syndrome
DIS011714	Nocardia Infections
DIS015753	Nocturnal Myoclonus Syndrome
DIS009725	noma
DIS004421	Noonan syndrome
DIS011774	Nose Diseases
DIS015508	Nut Hypersensitivity
DIS015438	Nutrition Disorders
DIS015794	Nystagmus, Congenital
DIS011419	Nystagmus, Pathologic
DIS007200	Obesity
DIS011430	Obesity, Morbid
DIS009120	obsessive-compulsive disorder
DIS006869	Ocular hypertension
DIS008948	ocular hypotension
DIS011300	Ocular Motility Disorders
DIS003634	Oculocerebrorenal syndrome
DIS011342	Oculomotor Nerve Diseases
DIS008796	oesophagostomiasis
DIS015430	Olfactory Nerve Diseases
DIS003198	Oligodendroglioma
DIS005611	Oligohydramnios
DIS008060	Oligospermia
DIS011609	Olivopontocerebellar Atrophies
DIS003975	Onchocerciasis
DIS005227	Oophoritis
DIS011434	Ophthalmia, Sympathetic
DIS009597	ophthalmoplegia
DIS011471	Ophthalmoplegia, Chronic Progressive External
DIS011747	Opioid-Related Disorders
DIS007622	Opisthorchiasis
DIS009610	optic atrophy
DIS015662	Optic Atrophy, Hereditary, Leber
DIS009259	optic disk drusen
DIS011603	Optic Nerve Diseases
DIS005878	Optic nerve glioma
DIS015388	Optic Nerve Neoplasms
DIS006185	Optic neuritis
DIS011433	Optic Neuropathy, Ischemic
DIS006552	Oral submucous fibrosis
DIS005417	Orbital cellulitis
DIS015771	Orbital Diseases
DIS015478	Orbital Neoplasms
DIS015776	Orbital Pseudotumor
DIS005093	Orchitis
DIS015763	Ornithine Carbamoyltransferase Deficiency Disease
DIS011265	Orofaciodigital Syndromes
DIS007079	Osteitis
DIS015596	Osteitis Deformans
DIS005525	Osteitis fibrosa cystica
DIS011584	Osteoarthropathy, Primary Hypertrophic
DIS011311	Osteoarthropathy, Secondary Hypertrophic
DIS007938	Osteochondritis
DIS011481	Osteochondrodysplasias
DIS005420	Osteochondrosis
DIS007269	Osteogenesis imperfecta
DIS015556	Osteolysis, Essential
DIS009081	osteonecrosis
DIS003567	Osteopetrosis
DIS003494	Osteopoikilosis
DIS007654	Osteoporosis
DIS003382	Osteosarcoma
DIS015381	Osteosarcoma, Juxtacortical
DIS007117	Osteosclerosis
DIS008797	ostertagiasis
DIS003405	Otitis externa
DIS005714	Otitis media
DIS011392	Otitis Media, Suppurative
DIS011360	Ovarian Diseases
DIS008081	Ovarian hyperstimulation syndrome
DIS011729	Ovarian Neoplasms
DIS008933	overnutrition
DIS015675	Oxyuriasis
DIS003677	Pachyonychia congenita
DIS015392	Paget Disease, Extramammary
DIS009699	Pallister-Hall syndrome
DIS015687	Pancoast Syndrome
DIS011653	Pancreatic Neoplasms
DIS006198	Pancreatitis
DIS015569	Pancreatitis, Alcoholic
DIS005097	Pancytopenia
DIS004586	Panic disorder
DIS004865	Panniculitis
DIS011615	Panniculitis, Nodular Nonsuppurative
DIS007806	Panophthalmitis
DIS004860	Pantothenate kinase-associated neurodegeneration
DIS008525	panuveitis
DIS006332	Papilledema
DIS004470	Papilloma
DIS011753	Papilloma, Choroid Plexus
DIS011633	Papilloma, Intraductal
DIS015354	Papilloma, Inverted
DIS009487	Papillon-Lefevre disease
DIS008045	Paracoccidioidomycosis
DIS003232	Paraganglioma
DIS007135	Paragonimiasis
DIS011303	Paralyses, Familial Periodic
DIS011596	Paralysis, Hyperkalemic Periodic
DIS004622	Parametritis
DIS011534	Paranasal Sinus Diseases
DIS011233	Paranasal Sinus Neoplasms
DIS008959	paraneoplastic polyneuropathy
DIS003404	Paranoid personality disorder
DIS015359	Paraparesis, Tropical Spastic
DIS007237	Paraphimosis
DIS004962	Paraplegia
DIS015644	Paraproteinemias
DIS003617	Parapsoriasis
DIS011370	Parathyroid Diseases
DIS011618	Parathyroid Neoplasms
DIS007643	Paratyphoid fever
DIS011587	Parkinson Disease
DIS011588	Parkinson Disease, Postencephalitic
DIS011535	Parkinson Disease, Secondary
DIS003396	Paronychia
DIS011304	Parotid Diseases
DIS015740	Parotid Neoplasms
DIS004619	Parotitis
DIS008835	parovarian cyst
DIS008551	pars planitis
DIS011364	Pasteurella Infections
DIS007569	Patellofemoral pain syndrome
DIS015507	Peanut Hypersensitivity
DIS004986	Pedophilia
DIS009723	Pelger-Huet anomaly
DIS006213	Peliosis hepatis
DIS009473	Pelizaeus-Merzbacher disease
DIS008109	Pellagra
DIS009075	pelvic inflammatory disease
DIS011598	Pemphigoid Gestationis
DIS011401	Pemphigoid, Benign Mucous Membrane
DIS015698	Pemphigoid, Bullous
DIS006067	Pemphigus
DIS011217	Pemphigus, Benign Familial
DIS015710	Penile Induration
DIS011400	Penile Neoplasms
DIS010167	Peptic ulcer
DIS008943	peptic ulcer perforation
DIS011748	Periapical Abscess
DIS008856	periapical granuloma
DIS008950	periapical periodontitis
DIS009440	periarthritis
DIS007262	Pericardial effusion
DIS004520	Pericarditis
DIS011390	Pericarditis, Constrictive
DIS015566	Pericarditis, Tuberculous
DIS008063	Pericoronitis
DIS008717	perinephritis
DIS015383	Periodontal Diseases
DIS005528	Periodontitis
DIS007883	Periostitis
DIS015617	Peripheral Nervous System Diseases
DIS011427	Peripheral Nervous System Neoplasms
DIS015808	Peritonitis, Tuberculous
DIS011756	Perivascular Epithelioid Cell Neoplasms
DIS008445	periventricular nodular heterotopia
DIS015484	Peroneal Neuropathies
DIS015741	Peroxisomal Disorders
DIS009235	persistent fetal circulation syndrome
DIS002392	Persistent hyperplastic primary vitreous
DIS009966	Personality disorders
DIS008476	petrositis
DIS009522	Peutz-Jeghers syndrome
DIS008742	phagocyte bactericidal dysfunction
DIS011711	Pharyngeal Diseases
DIS011237	Pharyngeal Neoplasms
DIS008880	phencyclidine abuse
DIS015768	Phenylketonurias
DIS006754	Phimosis
DIS003399	Phlebitis
DIS009142	Phlebotomus fever
DIS011379	Phobic Disorders
DIS011734	Phosphorus Metabolism Disorders
DIS015351	Photosensitivity Disorders
DIS004958	Phyllodes tumor
DIS011436	Pica
DIS011423	Pick Disease of the Brain
DIS003638	Piebaldism
DIS006992	Piedra
DIS005274	Pierre Robin syndrome
DIS015349	Pigmentation Disorders
DIS008901	pilomatrixoma
DIS004145	Pinealoma
DIS007259	Pinguecula
DIS011298	Pinta
DIS007475	Pituitary ACTH hypersecretion
DIS004388	Pituitary apoplexy
DIS011652	Pituitary Neoplasms
DIS003371	Pityriasis rosea
DIS003737	Pityriasis rubra pilaris
DIS004697	Placenta accreta
DIS015682	Placenta Diseases
DIS010176	Placenta previa
DIS005749	Placental insufficiency
DIS010177	Plague
DIS015432	Plasma Cell Granuloma, Pulmonary
DIS007669	Plasmacytoma
DIS007402	Platelet storage pool deficiency
DIS011616	Pleural Diseases
DIS015580	Pleural Neoplasms
DIS011344	Pleurodynia, Epidemic
DIS002505	Pleuropneumonia
DIS008574	pneumatosis cystoides intestinalis
DIS004883	Pneumoconiosis
DIS009602	pneumonia
DIS011213	Pneumonia, Aspiration
DIS015721	Pneumonia, Bacterial
DIS015364	Pneumonia, Lipid
DIS011382	Pneumonia, Pneumocystis
DIS011316	Pneumonia, Viral
DIS006059	POEMS syndrome
DIS004569	Poland syndrome
DIS005383	Poliomyelitis
DIS015806	Poliomyelitis, Bulbar
DIS007508	Polyarteritis nodosa
DIS011746	Polychondritis, Relapsing
DIS015738	Polycystic Kidney Diseases
DIS011288	Polycystic Kidney, Autosomal Dominant
DIS005009	Polycystic ovary syndrome
DIS005424	Polycythemia
DIS006189	Polycythemia vera
DIS011568	Polyendocrinopathies, Autoimmune
DIS007372	Polyhydramnios
DIS006498	Polymyalgia rheumatica
DIS011558	Polyneuropathies
DIS006280	Polyradiculoneuropathy
DIS011743	Polyradiculoneuropathy, Chronic Inflammatory Demyelinating
DIS011396	Polyradiculopathy
DIS003294	Porencephaly
DIS003883	Porokeratosis
DIS003885	Porphyria cutanea tarda
DIS015452	Porphyria, Acute Intermittent
DIS011519	Porphyria, Erythropoietic
DIS015585	Porphyria, Hepatoerythropoietic
DIS015500	Porphyria, Variegate
DIS011516	Porphyrias
DIS015344	Porphyrias, Hepatic
DIS005754	Postcholecystectomy syndrome
DIS015650	Posterior Cervical Sympathetic Syndrome
DIS015691	Postgastrectomy Syndromes
DIS011722	Postphlebitic Syndrome
DIS009583	postpoliomyelitis syndrome
DIS015719	Poxviridae Infections
DIS009178	Prader-Willi syndrome
DIS005721	Pre-eclampsia
DIS015611	Precursor Cell Lymphoblastic Leukemia-Lymphoma
DIS011408	Prediabetic State
DIS011270	Pregnancy, Ectopic
DIS006991	Premature ejaculation
DIS005183	Presbyopia
DIS007593	Pressure ulcer
DIS005581	Priapism
DIS015567	Primary Myelofibrosis
DIS013446	Primary ovarian insufficiency
DIS015641	Prion Diseases
DIS003511	Proctitis
DIS003983	Progeria
DIS005457	Prolactinoma
DIS005673	Propionic acidemia
DIS006415	Prosopagnosia
DIS015543	Prostatic Diseases
DIS011779	Prostatic Hyperplasia
DIS011302	Prostatic Neoplasms
DIS007768	Prostatitis
DIS005040	Protein C deficiency
DIS004251	Protein S deficiency
DIS009171	protein-energy malnutrition
DIS011324	Protein-Losing Enteropathies
DIS009612	proteinuria
DIS007224	Proteus syndrome
DIS011518	Protoporphyria, Erythropoietic
DIS011771	Protozoan Infections
DIS005053	Prune belly syndrome
DIS003541	Pseudobulbar palsy
DIS006309	Pseudohypoaldosteronism
DIS005088	Pseudohypoparathyroidism
DIS005111	Pseudomyxoma peritonei
DIS005361	Pseudopseudohypoparathyroidism
DIS009148	pseudotumor cerebri
DIS006094	Pseudoxanthoma elasticum
DIS004159	Psittacosis
DIS008014	Psoriasis
DIS011740	Psychoses, Alcoholic
DIS011648	Psychoses, Substance-Induced
DIS011380	Psychotic Disorders
DIS009024	Pterygium
DIS003220	Pulmonary alveolar proteinosis
DIS008866	pulmonary blastoma
DIS011803	Pulmonary Disease, Chronic Obstructive
DIS003914	Pulmonary edema
DIS007156	Pulmonary embolism
DIS015623	Pulmonary Eosinophilia
DIS004812	Pulmonary fibrosis
DIS006115	Pulmonary heart disease
DIS008919	pulmonary sclerosing hemangioma
DIS008961	pulmonary subvalvular stenosis
DIS009289	pulmonary valve insufficiency
DIS003401	Pulmonary valve stenosis
DIS015600	Pulmonary Veno-Occlusive Disease
DIS006963	Pulpitis
DIS011727	Pupil Disorders
DIS005110	Purpura
DIS007830	Purpura fulminans
DIS015374	Purpura, Hyperglobulinemic
DIS011367	Purpura, Schoenlein-Henoch
DIS015732	Purpura, Thrombocytopenic, Idiopathic
DIS011332	Purpura, Thrombotic Thrombocytopenic
DIS009416	pyelitis
DIS006455	Pyelonephritis
DIS011388	Pyelonephritis, Xanthogranulomatous
DIS003547	Pyloric stenosis
DIS011473	Pyloric Stenosis, Hypertrophic
DIS005238	Pyoderma
DIS007856	Pyoderma gangrenosum
DIS003217	Pyomyositis
DIS009510	pyruvate carboxylase deficiency disease
DIS015424	Pyruvate Dehydrogenase Complex Deficiency Disease
DIS004562	Pyuria
DIS006873	Q fever
DIS011476	Quadriplegia
DIS006827	Rabies
DIS003577	Radial neuropathy
DIS005517	Radiculopathy
DIS005532	Rat-bite fever
DIS009087	Raynaud disease
DIS011487	Rectal Diseases
DIS011680	Rectal Neoplasms
DIS004685	Rectal prolapse
DIS011528	Red-Cell Aplasia, Pure
DIS008651	reflex sympathetic dystrophy
DIS015811	Refractive Errors
DIS006231	Refsum disease
DIS011224	Refsum Disease, Infantile
DIS001575	Relapsing fever
DIS008966	REM sleep behavior disorder
DIS009441	renal artery obstruction
DIS011330	Renal Insufficiency
DIS015518	Renal Tubular Transport, Inborn Errors
DIS011386	Respiratory Distress Syndrome, Adult
DIS011482	Respiratory Syncytial Virus Infections
DIS005667	Restless legs syndrome
DIS011504	Retinal Artery Occlusion
DIS008956	retinal degeneration
DIS006666	Retinal detachment
DIS010204	Retinal diseases
DIS008693	retinal drusen
DIS015697	Retinal Dystrophies
DIS015418	Retinal Necrosis Syndrome, Acute
DIS015540	Retinal Neoplasms
DIS011468	Retinal Perforations
DIS015681	Retinal Telangiectasis
DIS008509	retinal vasculitis
DIS009335	retinal vein occlusion
DIS004540	Retinitis
DIS006238	Retinoblastoma
DIS003241	Retinopathy of prematurity
DIS005086	Retinoschisis
DIS011780	Retrocochlear Diseases
DIS015624	Retroperitoneal Neoplasms
DIS007837	Rett syndrome
DIS004403	Reye syndrome
DIS008813	Rh isoimmunization
DIS015431	Rhabdoid Tumor
DIS003222	Rhabdomyosarcoma
DIS015467	Rhabdomyosarcoma, Alveolar
DIS015365	Rhabdomyosarcoma, Embryonal
DIS011686	Rheumatic Diseases
DIS005371	Rheumatic fever
DIS008846	rhinitis
DIS015546	Rhinitis, Atrophic
DIS015545	Rhinitis, Vasomotor
DIS005254	Rhinoscleroma
DIS004698	Rhinosporidiosis
DIS015692	Riboflavin Deficiency
DIS008062	Rickets
DIS011366	Rickettsiaceae Infections
DIS005612	Rift Valley fever
DIS008614	root caries
DIS008628	root resorption
DIS001178	Rosacea
DIS009411	Rothmund-Thomson syndrome
DIS007993	Rubella
DIS009356	Rubinstein-Taybi syndrome
DIS011335	Sadism
DIS008771	sagittal sinus thrombosis
DIS011494	Salivary Gland Calculi
DIS005262	Salpingitis
DIS003435	Sandhoff disease
DIS009724	sarcocystosis
DIS003434	Sarcoidosis
DIS011529	Sarcoidosis, Pulmonary
DIS003464	Sarcoma
DIS015491	Sarcoma, Alveolar Soft Part
DIS015490	Sarcoma, Clear Cell
DIS015488	Sarcoma, Endometrial Stromal
DIS015713	Sarcoma, Kaposi
DIS015716	Sarcoma, Myeloid
DIS011805	Sarcoma, Small Cell
DIS015604	Sarcoma, Synovial
DIS004080	Scabies
DIS015346	Scalp Dermatoses
DIS005207	Scarlet fever
DIS011520	Scheuermann Disease
DIS011562	Schistosomiasis haematobia
DIS011232	Schistosomiasis japonica
DIS005994	Schizoid personality disorder
DIS008413	Schizophrenia
DIS011448	Schizophrenia, Paranoid
DIS005665	Schizotypal personality disorder
DIS006457	Schnitzler syndrome
DIS008506	sciatic neuropathy
DIS005742	Scimitar syndrome
DIS011383	Scleral Diseases
DIS009462	scleredema adultorum
DIS007240	Scleritis
DIS011625	Scleroderma, Diffuse
DIS011624	Scleroderma, Limited
DIS015482	Scleroderma, Localized
DIS015480	Scleroderma, Systemic
DIS007186	Scoliosis
DIS008906	scrapie
DIS011495	Screw Worm Infection
DIS003168	Scrub typhus
DIS004629	Scurvy
DIS008844	sea-blue histiocyte syndrome
DIS015618	Sebaceous Gland Neoplasms
DIS010219	Seizures
DIS003562	Seminoma
DIS007734	Septo-optic dysplasia
DIS009504	Sertoli cell tumor
DIS005247	Sertoli cell-only syndrome
DIS008719	Sertoli-Leydig cell tumor
DIS008479	setariasis
DIS003390	Severe acute respiratory syndrome
DIS007091	Severe combined immunodeficiency
DIS011441	Severe Dengue
DIS011673	Sex Cord-Gonadal Stromal Tumors
DIS011667	Sexual Dysfunction, Physiological
DIS011556	Sexual Dysfunctions, Psychological
DIS015703	Sezary Syndrome
DIS011574	Shock, Septic
DIS007215	Short bowel syndrome
DIS009291	shoulder impingement syndrome
DIS004120	Shwartzman phenomenon
DIS015547	Shy-Drager Syndrome
DIS000268	Sialadenitis
DIS015427	Sialic Acid Storage Disease
DIS011493	Sialometaplasia, Necrotizing
DIS008699	sick building syndrome
DIS006299	Sick sinus syndrome
DIS005153	Siderosis
DIS011671	Sigmoid Diseases
DIS011670	Sigmoid Neoplasms
DIS006158	Silicosis
DIS008840	silo filler's disease
DIS009310	Silver-Russell syndrome
DIS015412	Sinus Thrombosis, Intracranial
DIS006603	Situs inversus
DIS009230	Sjogren's syndrome
DIS009307	Sjogren-Larsson syndrome
DIS015436	Skin Diseases
DIS015785	Skin Diseases, Vascular
DIS011762	Skin Diseases, Vesiculobullous
DIS015352	Skin Neoplasms
DIS015448	Skull Base Neoplasms
DIS011665	Skull Neoplasms
DIS011244	Sleep Apnea Syndromes
DIS009813	Sleep apnea, central
DIS015597	Small Cell Lung Carcinoma
DIS000670	Smallpox
DIS009311	Smith-Lemli-Opitz syndrome
DIS008832	smooth muscle tumor
DIS009238	Sneddon syndrome
DIS011250	Soft Tissue Neoplasms
DIS011757	Solitary Fibrous Tumor, Pleural
DIS005085	Solitary pulmonary nodule
DIS011560	Somatoform Disorders
DIS005385	Somatostatinoma
DIS004060	Sotos syndrome
DIS004676	Sparganosis
DIS011733	Spasms, Infantile
DIS015751	Speech Disorders
DIS009179	spermatic cord torsion
DIS006721	Spermatocele
DIS008481	sphenoid sinusitis
DIS011498	Spherocytosis, Hereditary
DIS005512	Sphingolipidoses
DIS015355	Spinal Cord Diseases
DIS015612	Spinal Cord Neoplasms
DIS011346	Spinal Dysraphism
DIS011251	Spinal Muscular Atrophies of Childhood
DIS001332	Spinal stenosis
DIS011590	Spinocerebellar Ataxias
DIS015766	Spinocerebellar Degenerations
DIS011741	Splenic Diseases
DIS004081	Splenic infarction
DIS015652	Splenic Neoplasms
DIS011374	Spondylarthropathies
DIS015664	Spondylitis, Ankylosing
DIS006068	Spondylolisthesis
DIS005013	Spondylolysis
DIS004246	Spondylosis
DIS007441	Sporotrichosis
DIS011323	Sprue, Tropical
DIS015790	Staphylococcal Food Poisoning
DIS006338	Staphylococcal scalded skin syndrome
DIS009715	status asthmaticus
DIS006600	Status epilepticus
DIS008801	steatitis
DIS007095	Steatorrhea
DIS007724	Stereotypic movement disorder
DIS011646	Steroid Metabolism, Inborn Errors
DIS009028	Stevens-Johnson syndrome
DIS009247	Stiff-Person syndrome
DIS011579	Still's Disease, Adult-Onset
DIS015677	Stomach Diseases
DIS011317	Stomach Neoplasms
DIS011334	Stomach Ulcer
DIS006726	Stomatitis
DIS015796	Stomatitis, Aphthous
DIS011424	Stomatitis, Denture
DIS007551	Strabismus
DIS011689	Stress Disorders, Post-Traumatic
DIS008863	striatonigral degeneration
DIS003919	Strongyloidiasis
DIS006033	Struma ovarii
DIS003570	Stuttering
DIS003884	Subacute sclerosing panencephalitis
DIS006977	Subclavian steal syndrome
DIS011491	Submandibular Gland Diseases
DIS011795	Substance-Related Disorders
DIS004792	Sulfhemoglobinemia
DIS003855	Superior mesenteric artery syndrome
DIS015654	Supranuclear Palsy, Progressive
DIS011637	Supratentorial Neoplasms
DIS008884	swayback
DIS011553	Sweat Gland Diseases
DIS011758	Sweat Gland Neoplasms
DIS011398	Sweating, Gustatory
DIS006362	Syndactyly
DIS008522	synostosis
DIS003992	Synovitis
DIS011760	Synovitis, Pigmented Villonodular
DIS015813	Syphilis, Congenital
DIS015784	Syphilis, Latent
DIS006184	Syringoma
DIS005422	Syringomyelia
DIS011806	T-Lymphocytopenia, Idiopathic CD4-Positive
DIS005918	Tabes dorsalis
DIS004244	Tangier disease
DIS004816	Tarsal tunnel syndrome
DIS015656	Tauopathies
DIS009479	Tay-Sachs disease
DIS015551	Tay-Sachs Disease, AB Variant
DIS011477	Telangiectasia, Hereditary Hemorrhagic
DIS009218	telangiectasis
DIS010295	Tendinopathy
DIS004533	Tennis elbow
DIS004322	Tenosynovitis
DIS008745	teratocarcinoma
DIS007862	Teratoma
DIS011739	Testicular Diseases
DIS011792	Testicular Neoplasms
DIS004555	Tetanus
DIS005666	Tetralogy of Fallot
DIS015541	Thalamic Diseases
DIS007844	Thalassemia
DIS008107	Thanatophoric dysplasia
DIS008783	theileriasis
DIS015576	Thoracic Neoplasms
DIS004688	Thoracic outlet syndrome
DIS011702	Thrombasthenia
DIS004868	Thromboangiitis obliterans
DIS011703	Thrombocythemia, Essential
DIS003772	Thrombocytopenia
DIS006848	Thrombocytosis
DIS007229	Thrombophilia
DIS004444	Thrombophlebitis
DIS005884	Thymoma
DIS015368	Thymus Neoplasms
DIS008555	thyroid crisis
DIS015572	Thyroid Diseases
DIS009159	thyroid hormone resistance syndrome
DIS011651	Thyroid Neoplasms
DIS006968	Thyroiditis
DIS015669	Thyroiditis, Autoimmune
DIS015667	Thyroiditis, Subacute
DIS011589	Thyroiditis, Suppurative
DIS008949	thyrotoxicosis
DIS008520	tibial neuropathy
DIS011322	Tic Disorders
DIS015473	Tick Infestations
DIS009277	Tietze's syndrome
DIS009551	tinea favosa
DIS009203	tinea pedis
DIS005493	Tinea versicolor
DIS011238	Tobacco Use Disorder
DIS009219	tolosa-hunt syndrome
DIS011352	Tongue Diseases
DIS015714	Tongue Neoplasms
DIS011394	Tongue, Fissured
DIS011533	Tongue, Hairy
DIS015728	Tonsillar Neoplasms
DIS005623	Tonsillitis
DIS007977	Tooth ankylosis
DIS011347	Tooth Diseases
DIS009392	tooth erosion
DIS002439	Tooth resorption
DIS007175	Tourette syndrome
DIS008726	toxascariasis
DIS005854	Toxoplasmosis
DIS011521	Toxoplasmosis, Congenital
DIS015363	Tracheal Diseases
DIS011732	Tracheal Neoplasms
DIS009475	tracheal stenosis
DIS005340	Tracheitis
DIS005960	Trachoma
DIS009198	transvestism
DIS015727	Trematode Infections
DIS006876	Trench fever
DIS011531	Treponemal Infections
DIS015805	Trichinellosis
DIS011677	Trichomonas Infections
DIS008542	trichostrongyloidiasis
DIS008541	trichostrongylosis
DIS011787	Trichothiodystrophy Syndromes
DIS004807	Trichuriasis
DIS009537	tricuspid valve insufficiency
DIS008914	tricuspid valve prolapse
DIS003178	Tricuspid valve stenosis
DIS007462	Trigeminal neuralgia
DIS011555	Trochlear Nerve Diseases
DIS009648	trombiculiasis
DIS015471	Trophoblastic Neoplasms
DIS015415	Trophoblastic Tumor, Placental Site
DIS004252	Trypanosomiasis
DIS011293	Trypanosomiasis, African
DIS010625	Tuberculoma
DIS011634	Tuberculoma, Intracranial
DIS011277	Tuberculosis, Cardiovascular
DIS015466	Tuberculosis, Gastrointestinal
DIS015468	Tuberculosis, Hepatic
DIS011626	Tuberculosis, Laryngeal
DIS015561	Tuberculosis, Lymph Node
DIS015814	Tuberculosis, Miliary
DIS015462	Tuberculosis, Multidrug-Resistant
DIS015463	Tuberculosis, Oral
DIS011635	Tuberculosis, Osteoarticular
DIS011321	Tuberculosis, Pleural
DIS011786	Tuberculosis, Pulmonary
DIS015801	Tuberculosis, Renal
DIS015772	Tuberculosis, Splenic
DIS011693	Tuberculosis, Urogenital
DIS004176	Tuberous sclerosis
DIS006308	Tularemia
DIS006840	Turner syndrome
DIS003923	Typhoid fever
DIS011378	Typhus, Endemic Flea-Borne
DIS011377	Typhus, Epidemic Louse-Borne
DIS015765	Tyrosinemias
DIS015537	Ulnar Neuropathies
DIS008765	Unverricht-Lundborg syndrome
DIS015761	Urea Cycle Disorders, Inborn
DIS006207	Uremia
DIS011580	Ureteral Diseases
DIS011420	Ureteral Neoplasms
DIS003330	Ureterocele
DIS008617	ureterolithiasis
DIS015673	Urethral Diseases
DIS015671	Urethral Neoplasms
DIS008544	urethral obstruction
DIS004480	Urethritis
DIS011384	Urinary Bladder Calculi
DIS015425	Urinary Bladder Diseases
DIS011563	Urinary Bladder Neck Obstruction
DIS011363	Urinary Bladder Neoplasms
DIS011438	Urinary Bladder, Neurogenic
DIS015672	Urologic Neoplasms
DIS007291	Urticaria pigmentosa
DIS011221	Usher Syndromes
DIS011709	Uterine Cervical Diseases
DIS015393	Uterine Cervical Erosion
DIS015798	Uterine Cervical Incompetence
DIS015502	Uterine Cervical Neoplasms
DIS011749	Uterine Cervicitis
DIS015391	Uterine Diseases
DIS009741	uterine inversion
DIS015421	Uterine Neoplasms
DIS015398	Uveal Diseases
DIS015397	Uveal Neoplasms
DIS006962	Uveitis
DIS011572	Uveitis, Anterior
DIS011483	Uveitis, Intermediate
DIS011472	Uveitis, Posterior
DIS011507	Uveitis, Suppurative
DIS011449	Uveomeningoencephalitic Syndrome
DIS009252	uveoparotid fever
DIS008744	vaccinia
DIS007040	Vaginal discharge
DIS011435	Vaginal Diseases
DIS011426	Vaginal Neoplasms
DIS007886	Vaginitis
DIS015382	Vaginosis, Bacterial
DIS011466	Vagus Nerve Diseases
DIS006689	Varicocele
DIS005938	Varicose veins
DIS011649	Vascular Neoplasms
DIS004932	Vasculitis
DIS011745	Vasculitis, Central Nervous System
DIS015810	Vasculitis, Leukocytoclastic, Cutaneous
DIS011505	Vasospasm, Intracranial
DIS009078	venous insufficiency
DIS006655	Vertebrobasilar insufficiency
DIS010978	Vertigo
DIS015793	Vesico-Ureteral Reflux
DIS015389	Vestibular Diseases
DIS008547	vestibular neuronitis
DIS011474	Vestibulocochlear Nerve Diseases
DIS006988	VIPoma
DIS015693	Vitamin B 6 Deficiency
DIS007349	Vitamin K deficiency
DIS003197	Vitiligo
DIS015800	Vitreoretinopathy, Proliferative
DIS008994	vitreous detachment
DIS009283	von Hippel-Lindau disease
DIS011278	von Willebrand Disease, Type 1
DIS011279	von Willebrand Disease, Type 2
DIS011289	von Willebrand Disease, Type 3
DIS011469	von Willebrand Diseases
DIS005941	Voyeurism
DIS011691	Vulvar Diseases
DIS011463	Vulvar Neoplasms
DIS008792	vulvitis
DIS009377	vulvovaginitis
DIS004703	Waardenburg syndrome
DIS004437	WAGR syndrome
DIS010263	Waldenstrom macroglobulinemia
DIS015407	Wasting Disease, Chronic
DIS009738	Waterhouse-Friderichsen syndrome
DIS009045	Weill-Marchesani syndrome
DIS005509	Werner syndrome
DIS009003	Wernicke encephalopathy
DIS005463	West Nile fever
DIS015428	Wheat Hypersensitivity
DIS009655	Whipple disease
DIS006594	Williams syndrome
DIS011694	Wilms Tumor
DIS009694	Wiskott-Aldrich syndrome
DIS007816	Wissler's syndrome
DIS009039	Wolf-Hirschhorn syndrome
DIS009521	Wolff-Parkinson-White syndrome
DIS003660	Wolfram syndrome
DIS009305	Wolman disease
DIS011247	X-Linked Combined Immunodeficiency Diseases
DIS015515	Xanthogranuloma, Juvenile
DIS009485	xanthomatosis
DIS015553	Xanthomatosis, Cerebrotendinous
DIS005087	Xeroderma pigmentosum
DIS000318	Xerophthalmia
DIS003767	Yaws
DIS003893	Yellow fever
DIS005490	Yellow nail syndrome
DIS003971	Zellweger syndrome
DIS011275	Zika Virus Infection
DIS009052	Zollinger-Ellison syndrome
